{
  "accuracy": [
    0.34655800461769104,
    0.4615054726600647,
    0.4965687394142151,
    0.5199442505836487,
    0.5384945273399353,
    0.5460004210472107,
    0.5595110654830933,
    0.5718421339988708,
    0.5817070603370667,
    0.5937165021896362,
    0.5939309597015381,
    0.6143041253089905,
    0.6122667789459229,
    0.6232039332389832,
    0.6236328482627869,
    0.6279219388961792,
    0.6228822469711304,
    0.6401458382606506,
    0.6445421576499939,
    0.649152934551239,
    0.5630495548248291,
    0.6188076138496399,
    0.6358567476272583,
    0.6610550880432129,
    0.65901780128479,
    0.6819643974304199,
    0.6862534880638123,
    0.7026592493057251,
    0.7056615948677063,
    0.7042676210403442,
    0.7115590572357178,
    0.7125241160392761,
    0.7084494829177856,
    0.7187433242797852,
    0.7178854942321777,
    0.7165987491607666,
    0.7172421216964722,
    0.7187433242797852,
    0.720780611038208,
    0.7197083234786987,
    0.7209950685501099
  ],
  "f1_macro": [
    0.2927270829677582,
    0.4169890284538269,
    0.4538186490535736,
    0.4812282621860504,
    0.5073900818824768,
    0.5124831199645996,
    0.5241532325744629,
    0.5395979881286621,
    0.55074143409729,
    0.565224289894104,
    0.5654533505439758,
    0.5869831442832947,
    0.5839684009552002,
    0.5957037806510925,
    0.5992236137390137,
    0.6031181812286377,
    0.5969215631484985,
    0.6160153150558472,
    0.6221297979354858,
    0.6250863671302795,
    0.5364791750907898,
    0.5917511582374573,
    0.6108766794204712,
    0.6364191770553589,
    0.6342831254005432,
    0.6607525944709778,
    0.6639898419380188,
    0.6789785623550415,
    0.6859446167945862,
    0.6824676394462585,
    0.6889432668685913,
    0.6912647485733032,
    0.6836349964141846,
    0.6964699029922485,
    0.6972212791442871,
    0.6961355805397034,
    0.6956086158752441,
    0.7006099820137024,
    0.6993255615234375,
    0.6974899172782898,
    0.7023929953575134
  ],
  "loss": [
    2.320221185684204,
    1.8394984006881714,
    1.7034794092178345,
    1.6002676486968994,
    1.545957088470459,
    1.4926990270614624,
    1.4699625968933105,
    1.418872594833374,
    1.3749498128890991,
    1.363286018371582,
    1.3317290544509888,
    1.2596123218536377,
    1.2653024196624756,
    1.2387735843658447,
    1.2463077306747437,
    1.1991968154907227,
    1.2087937593460083,
    1.1929395198822021,
    1.1622880697250366,
    1.1539249420166016,
    1.439208984375,
    1.2597081661224365,
    1.1855614185333252,
    1.117364525794983,
    1.0965914726257324,
    1.0293465852737427,
    1.0250447988510132,
    0.9592076539993286,
    0.9503865242004395,
    0.9510406851768494,
    0.9196462631225586,
    0.9300792217254639,
    0.9315434694290161,
    0.9119830131530762,
    0.9278432726860046,
    0.9017241597175598,
    0.9120338559150696,
    0.8937089443206787,
    0.8997282981872559,
    0.9179655909538269,
    0.9085379838943481
  ],
  "val_accuracy": [
    0.48343372344970703,
    0.5261043906211853,
    0.5261043906211853,
    0.5547188520431519,
    0.5471887588500977,
    0.5788152813911438,
    0.5667670965194702,
    0.5622490048408508,
    0.5888554453849792,
    0.5798192620277405,
    0.5833333134651184,
    0.5788152813911438,
    0.5913654565811157,
    0.5843373537063599,
    0.5973895788192749,
    0.5913654565811157,
    0.5988956093788147,
    0.5988956093788147,
    0.6109437942504883,
    0.6039156913757324,
    0.5753012299537659,
    0.5898594260215759,
    0.5928714871406555,
    0.6089357137680054,
    0.6124498248100281,
    0.6144578456878662,
    0.625,
    0.6189758777618408,
    0.6209839582443237,
    0.6295180916786194,
    0.625,
    0.6285140514373779,
    0.6335341334342957,
    0.6280120611190796,
    0.6315261125564575,
    0.6320281028747559,
    0.6270080208778381,
    0.6315261125564575,
    0.6285140514373779,
    0.6295180916786194,
    0.625
  ],
  "val_f1_macro": [
    0.4251714050769806,
    0.4844697117805481,
    0.49110040068626404,
    0.5309008955955505,
    0.5146883726119995,
    0.5464824438095093,
    0.5290248990058899,
    0.5369091629981995,
    0.5565575361251831,
    0.5510444045066833,
    0.5590367913246155,
    0.556122899055481,
    0.5630791783332825,
    0.5665844678878784,
    0.5759021639823914,
    0.5695335268974304,
    0.5734070539474487,
    0.5749046206474304,
    0.5865210294723511,
    0.5790466070175171,
    0.5557835102081299,
    0.5714654326438904,
    0.5709739327430725,
    0.5900331735610962,
    0.5951851010322571,
    0.5965023636817932,
    0.6126325726509094,
    0.6031436324119568,
    0.6064711809158325,
    0.6163262724876404,
    0.6122521162033081,
    0.6173040270805359,
    0.6216758489608765,
    0.6176778674125671,
    0.6213431358337402,
    0.620434045791626,
    0.6167747378349304,
    0.6205544471740723,
    0.6173797845840454,
    0.616285502910614,
    0.6146931052207947
  ],
  "val_loss": [
    1.7286651134490967,
    1.560822606086731,
    1.574285864830017,
    1.4871227741241455,
    1.5601574182510376,
    1.4311310052871704,
    1.5026828050613403,
    1.4775961637496948,
    1.416337013244629,
    1.4698957204818726,
    1.4076156616210938,
    1.4717203378677368,
    1.401224970817566,
    1.4630461931228638,
    1.3873647451400757,
    1.4283628463745117,
    1.373752474784851,
    1.4503397941589355,
    1.3764371871948242,
    1.4249321222305298,
    1.5272105932235718,
    1.5034828186035156,
    1.4651539325714111,
    1.4721425771713257,
    1.4256385564804077,
    1.4370319843292236,
    1.4387660026550293,
    1.4481931924819946,
    1.443418025970459,
    1.4251363277435303,
    1.4284127950668335,
    1.4295367002487183,
    1.4221069812774658,
    1.4284647703170776,
    1.4235520362854004,
    1.418776035308838,
    1.4464980363845825,
    1.4188666343688965,
    1.4339088201522827,
    1.4280567169189453,
    1.4377695322036743
  ],
  "learning_rate": [
    9.999999747378752e-06,
    9.999999747378752e-06,
    9.999999747378752e-06,
    9.999999747378752e-06,
    9.999999747378752e-06,
    9.999999747378752e-06,
    9.999999747378752e-06,
    4.999999873689376e-06,
    4.999999873689376e-06,
    2.499999936844688e-06,
    2.499999936844688e-06,
    2.499999936844688e-06,
    1.249999968422344e-06,
    1.249999968422344e-06,
    1.249999968422344e-06,
    6.24999984211172e-07,
    6.24999984211172e-07,
    6.24999984211172e-07,
    3.12499992105586e-07,
    3.12499992105586e-07,
    1.56249996052793e-07
  ]
}