{
  "accuracy": [
    0.22281792759895325,
    0.3087068498134613,
    0.35835298895835876,
    0.3894488513469696,
    0.4147544503211975,
    0.44059619307518005,
    0.45335620641708374,
    0.48316535353660583,
    0.4992493987083435,
    0.5164057612419128,
    0.5249839425086975,
    0.5381728410720825,
    0.54878830909729,
    0.5658374428749084,
    0.5803130865097046,
    0.6242762207984924,
    0.6343555450439453,
    0.6427192687988281,
    0.6549431681632996,
    0.6774608492851257,
    0.6969761848449707,
    0.7000857591629028,
    0.7104868292808533,
    0.710808515548706,
    0.7161698341369629,
    0.7201372385025024,
    0.7392236590385437,
    0.7456573247909546,
    0.7502680420875549,
    0.7486596703529358,
    0.7488741278648376,
    0.7552005052566528,
    0.7591679096221924,
    0.763028085231781,
    0.7688183784484863,
    0.7607763409614563,
    0.7742869257926941,
    0.784044623374939,
    0.787368655204773,
    0.7865108251571655,
    0.7883337140083313,
    0.7909071445465088,
    0.7907999157905579,
    0.7961612939834595,
    0.7948745489120483,
    0.7949817776679993,
    0.7907999157905579,
    0.7960540652275085,
    0.805275559425354,
    0.7956251502037048,
    0.797126293182373,
    0.8043105006217957,
    0.8076345920562744,
    0.8069912195205688,
    0.803452730178833,
    0.8025949001312256,
    0.8029165863990784,
    0.802058756351471,
    0.8111730813980103,
    0.8062406182289124,
    0.8088140487670898,
    0.8047394156455994,
    0.8043105006217957,
    0.8045249581336975,
    0.8039888739585876,
    0.8091357350349426,
    0.80999356508255,
    0.8103152513504028,
    0.8095646500587463,
    0.8091357350349426
  ],
  "f1_macro": [
    0.1670665144920349,
    0.2501925826072693,
    0.301005482673645,
    0.3362722098827362,
    0.3638090491294861,
    0.39025023579597473,
    0.4048343002796173,
    0.4381359815597534,
    0.45472899079322815,
    0.4750403165817261,
    0.48309582471847534,
    0.4965490400791168,
    0.5107731819152832,
    0.5283048748970032,
    0.544817328453064,
    0.5918452143669128,
    0.6018876433372498,
    0.6106724143028259,
    0.6244253516197205,
    0.6493798494338989,
    0.6699562072753906,
    0.6721935868263245,
    0.684419572353363,
    0.6833682060241699,
    0.6890895962715149,
    0.693282425403595,
    0.7128124833106995,
    0.7199960947036743,
    0.7257771492004395,
    0.7240513563156128,
    0.723258912563324,
    0.7310379147529602,
    0.7362505197525024,
    0.7365599870681763,
    0.74498051404953,
    0.7362268567085266,
    0.7509661912918091,
    0.76193767786026,
    0.7652740478515625,
    0.7629373073577881,
    0.7650405168533325,
    0.76978999376297,
    0.7699674367904663,
    0.7742201685905457,
    0.7738738656044006,
    0.7731361389160156,
    0.7665454745292664,
    0.7749519348144531,
    0.7834703326225281,
    0.7717369794845581,
    0.7751002311706543,
    0.7823192477226257,
    0.7867370247840881,
    0.7864996790885925,
    0.7818575501441956,
    0.7795838117599487,
    0.7806237936019897,
    0.7812938094139099,
    0.7907478213310242,
    0.7863910794258118,
    0.7879123687744141,
    0.7815868258476257,
    0.780707061290741,
    0.7824105024337769,
    0.7823303937911987,
    0.7885657548904419,
    0.788878321647644,
    0.790080189704895,
    0.7876961827278137,
    0.7876150608062744
  ],
  "loss": [
    2.8656606674194336,
    2.4532368183135986,
    2.283163070678711,
    2.17411732673645,
    2.067371368408203,
    1.9701569080352783,
    1.9101076126098633,
    1.8299444913864136,
    1.7730021476745605,
    1.7243741750717163,
    1.660269021987915,
    1.6271559000015259,
    1.558377981185913,
    1.523171067237854,
    1.471901297569275,
    1.3264813423156738,
    1.2980763912200928,
    1.258201003074646,
    1.2440757751464844,
    1.1485675573349,
    1.1076363325119019,
    1.092337965965271,
    1.0664764642715454,
    1.0546602010726929,
    1.0258469581604004,
    1.0219589471817017,
    0.9654922485351562,
    0.9548539519309998,
    0.9379274249076843,
    0.9354192018508911,
    0.9236453175544739,
    0.9111077785491943,
    0.9054470658302307,
    0.88652503490448,
    0.8763833045959473,
    0.8837985992431641,
    0.8544772267341614,
    0.8361954092979431,
    0.8304207921028137,
    0.8225845098495483,
    0.8142296671867371,
    0.8044422268867493,
    0.8123303055763245,
    0.7904447317123413,
    0.7922309637069702,
    0.7893873453140259,
    0.7933282256126404,
    0.7875030040740967,
    0.7709063291549683,
    0.7776544094085693,
    0.7822654247283936,
    0.771443784236908,
    0.7598494291305542,
    0.7621750831604004,
    0.773888111114502,
    0.7665039300918579,
    0.7696419358253479,
    0.7729200720787048,
    0.75948566198349,
    0.7610278725624084,
    0.7593141794204712,
    0.7648269534111023,
    0.7669275999069214,
    0.764815628528595,
    0.7615087032318115,
    0.7562273144721985,
    0.7483773827552795,
    0.7544525861740112,
    0.7537819743156433,
    0.750354528427124
  ],
  "val_accuracy": [
    0.03162650763988495,
    0.3423694670200348,
    0.3800200819969177,
    0.4367469847202301,
    0.3845381438732147,
    0.4287148714065552,
    0.422690749168396,
    0.4718875586986542,
    0.46084338426589966,
    0.44829317927360535,
    0.5080321431159973,
    0.5215863585472107,
    0.452309250831604,
    0.5110442042350769,
    0.4769076406955719,
    0.5637550354003906,
    0.5451807379722595,
    0.555220901966095,
    0.5326305031776428,
    0.6059237122535706,
    0.5928714871406555,
    0.6004015803337097,
    0.6079317331314087,
    0.5918674468994141,
    0.5727911591529846,
    0.6064257025718689,
    0.6129518151283264,
    0.625,
    0.611947774887085,
    0.6194779276847839,
    0.6149598360061646,
    0.615963876247406,
    0.6219879388809204,
    0.6189758777618408,
    0.6174699068069458,
    0.6270080208778381,
    0.6234939694404602,
    0.6320281028747559,
    0.6260040402412415,
    0.6335341334342957,
    0.6355421543121338,
    0.6315261125564575,
    0.6390562057495117,
    0.6405622363090515,
    0.6365461945533752,
    0.6400602459907532,
    0.634036123752594,
    0.6335341334342957,
    0.6325300931930542,
    0.6345381736755371,
    0.6370481848716736,
    0.638052225112915,
    0.6335341334342957,
    0.6410642862319946,
    0.6385542154312134,
    0.638052225112915,
    0.6385542154312134,
    0.6370481848716736,
    0.6375501751899719,
    0.6360442042350769,
    0.6390562057495117,
    0.6360442042350769,
    0.6385542154312134,
    0.6400602459907532,
    0.6390562057495117,
    0.638052225112915,
    0.638052225112915,
    0.6350401639938354,
    0.6370481848716736,
    0.6390562057495117
  ],